title,slug,description,externalUrl,videoUrl,slidesUrl,keyAssetUrl,transcriptUrl,hub,format,type,tags,boards,status,durationMinutes,views,shares,createdAt
*New* Pre-Sales BVA,new-pre-sales-bva,Choose your own adventure (BVA)! Take customer inputs and Gladly benchmarks to project what a potential 3-year impact could look like for a prospect who is considering Hero and/or Sidekick.,https://docs.google.com/spreadsheets/d/1BX9m4ogrOi6sA3qQtwjSm6WpGqKpT30CxJZh1nWzsvA/edit?gid=1938166837#gid=1938166837,,,,,enablement,tool,value-realization,gladly|gladly-sidekick|gladly-team|sales,enablement,published,,0,0,2025-12-28T08:20:23.496Z
201 SC Implementation Template,201-sc-implementation-template,Implementation Template 201 SC for Solutions Consultants during scoping phase.,https://docs.google.com/presentation/d/1uDIMkEiY8htWjZaDt9L3LLXfZRehtXwCh9g8e3mmBUg/edit,,,,,content,slides,template,201|impl|implementation|proposal|sc|scoping,content,published,,0,0,2025-12-28T09:00:03.718Z
Ada Battlecard,ada-battlecard,Competitive battle card positioning Gladly Sidekick against Ada AI no-code automation platform.,https://drive.google.com/file/d/1fnwJuqQuQt7iZDIBa3MePAfncnGF7Ee7/view,,,,,content,pdf,battlecard,ada|automation|gladly|no-code|sidekick|smb,content,published,,0,0,2025-12-28T09:00:03.135Z
Agent Communication Time Metric Play,agent-communication-time-play,Usage Guide for CSMs on Agent Communication Time savings metric and dashboards.,https://docs.google.com/document/d/1WmWw8trPMQW0Pjedem1XZpU1BnckACMhdBs9D-fhb5I/edit,,,,,coe,document,dashboard,act|csm|dashboards|gladly|insights|metrics|sidekick,coe,published,,0,0,2025-12-28T09:00:03.914Z
Airline Vertical Sequence,airline-vertical-sequence,Vertical-specific outbound sequence for airline industry prospects.,https://web.outreach.io/sequences/2156,,,,,content,document,messaging,airline|outreach|sequence|travel|vertical,content,published,,0,0,2025-12-28T09:00:03.718Z
Answer Threads Kickoff Implementation Template,answer-threads-kickoff-template,Q1 FY26 Answer Threads Implementation Kickoff presentation template.,https://docs.google.com/presentation/d/1Kck65Q3II0SPTM1pFjmG3aXRyyRV6pHWfWldkXLzDYU/edit,,,,,content,slides,template,answer-threads|impl|implementation|journeys|kickoff,content,published,,0,0,2025-12-28T09:00:03.718Z
Apollo.io Enablement,apolloio-enablement,Apollo.io integration enablement training and best practices.,https://us-5287.app.gong.io/e/c-share/?tkn=1tl7kn6trsm38i5gk6gvgcri1&email_type=external-invitation-sent&xtid=3uwe6ri6ovh1tup14af,https://us-5287.app.gong.io/e/c-share/?tkn=1tl7kn6trsm38i5gk6gvgcri1&email_type=external-invitation-sent&xtid=3uwe6ri6ovh1tup14af,,,,enablement,live-replay,partner-training,csm|customer-success|internal-ops|ps|sales,enablement,published,,0,0,2025-12-28T07:49:21.783Z
App Platform for Hero Technical Enablement #1,app-platform-for-hero-technical-enablement-1,Technical training #1 on App Platform capabilities for Hero agents.,https://drive.google.com/file/d/176HQcMYwThLP0YQWrL-ZkWpGI1UaBYyg/view,https://drive.google.com/file/d/176HQcMYwThLP0YQWrL-ZkWpGI1UaBYyg/view,,,,enablement,live-replay,technical-training,csm|customer-success|gladly-team|sales|technical,enablement,published,,0,0,2025-12-28T07:49:21.783Z
App Platform for Hero Technical Enablement #2,app-platform-for-hero-technical-enablement-2,Technical training #2 covering Hero-specific App Platform implementations.,https://drive.google.com/file/d/1jTqh28Z8rsgb9-MPxf9cYNcW7MkLgIje/view,https://drive.google.com/file/d/1jTqh28Z8rsgb9-MPxf9cYNcW7MkLgIje/view,,,,enablement,live-replay,technical-training,csm|customer-success|gladly-team|sales|technical,enablement,published,,0,0,2025-12-28T07:49:21.783Z
App Platform Technical Enablement #1,app-platform-technical-enablement-1,Technical enablement session #1 covering App Platform architecture fundamentals.,https://drive.google.com/file/d/1HkmtPSGCnQaiQ7MPB4YiMqKKQAPS73vm/view,https://drive.google.com/file/d/1HkmtPSGCnQaiQ7MPB4YiMqKKQAPS73vm/view,,,,enablement,live-replay,technical-training,csm|customer-success|sales|technical,enablement,published,,0,0,2025-12-28T07:49:21.783Z
App Platform Technical Enablement #2,app-platform-technical-enablement-2,Technical enablement session #2 on App Platform integrations and workflows.,https://drive.google.com/file/d/1TAEXaxvYTSGb-nN3PXOLuB1VqemslX79/view,https://drive.google.com/file/d/1TAEXaxvYTSGb-nN3PXOLuB1VqemslX79/view,,,,enablement,live-replay,technical-training,csm|customer-success|sales|technical,enablement,published,,0,0,2025-12-28T07:49:21.783Z
App Platform Technical Enablement #3,app-platform-technical-enablement-3,Technical enablement session #3 for advanced App Platform development.,https://drive.google.com/file/d/1OIRseLSyGsriYJGwmH3J_1nSF68RvzSF/view?usp=drive_web,https://drive.google.com/file/d/1OIRseLSyGsriYJGwmH3J_1nSF68RvzSF/view?usp=drive_web,,,,enablement,live-replay,technical-training,csm|customer-success|sales|technical,enablement,published,,0,0,2025-12-28T07:49:21.783Z
Architecture Security and Integrations Deck,architecture-security-integrations-deck,Technical presentation detailing Gladly Platform architecture security reliability and integrations.,https://docs.google.com/presentation/d/1Y5rf0oVvCpRwaDr-3cpDNHx4vNhi3NAtlpRealb2vVc/edit,,,,,content,slides,template,app-platform|architecture|integrations|security|technical,content,published,,0,0,2025-12-28T09:00:03.135Z
Assembled Partner Enablement,assembled-partner-enablement,"This folder contains five files, primarily meeting notes, recordings, and presentation shortcuts from recent ""Enablement Hour"" sessions.",https://drive.google.com/file/d/1vaUoGDqe3YoWSkWptUqS4o12ZeAMKf_p/view?usp=drive_link,https://drive.google.com/file/d/1vaUoGDqe3YoWSkWptUqS4o12ZeAMKf_p/view?usp=drive_link,https://docs.google.com/presentation/d/1ZwI5AlctDo_xJMjxgmg5UubA-FWLZpJRVlXWHnA4lCA/edit?usp=drive_link,https://drive.google.com/drive/folders/1M_Ohrw71Bh1sRAp_AR5VvvRom-yVpxsj,,enablement,live-replay,partner-training,partner,enablement,published,,0,0,2025-12-28T07:49:21.783Z
Automated QBR Decks,automated-qbr-decks,Process for requesting automated Quarterly Business Review slide decks.,https://docs.google.com/presentation/d/11EMqR6s3KOlnRafjzgITBmt4QyUFgvlC2zRxfvsmydU/edit,,,,,content,slides,template,automation|csm|process|qbr|reporting,content,published,,0,0,2025-12-28T09:00:03.135Z
Bottoms Up Pipeline Target Setting,bottoms-up-pipeline-target-setting,"This spreadsheet, titled ""Approach Overview,"" appears to be a financial planning or forecasting document for sales and pipeline targets spanning Q1 FY25 through Q4 FY26.",https://docs.google.com/spreadsheets/d/1QXJX3_K2bS5LwQj-CAtEhVoC-Hwc5EkWnghYs-IrM8U/edit?usp=sharing,,,,,coe,tool,internal-best-practice,sales,coe,published,,0,0,2025-12-28T08:20:23.496Z
Buyout Program Deck,buyout-program-deck,Confidential internal sales presentation template for Gladly Buyout Program.,https://docs.google.com/presentation/d/1cIkq1VaWWpDKbLiloUbFm0y0om6STAOwpBlBxHjjNyw/edit,,,,,content,slides,template,buyout|deal-acceleration|negotiation|pricing,content,published,,0,0,2025-12-28T09:00:03.135Z
BVA + Calculator Refresh,bva-calculator-refresh,"The EH: 3/27/25 BVA + Calculator Refresh folder contains enablement materials, including meeting notes and a presentation, primarily focused on the rollout of Sidekick on Voice and the refreshed Bu...",https://drive.google.com/file/d/1rpOKnh9r-OhvoXlUNpojpL0XlZl8pzeH/view?usp=drive_link,https://drive.google.com/file/d/1rpOKnh9r-OhvoXlUNpojpL0XlZl8pzeH/view?usp=drive_link,https://docs.google.com/presentation/d/1Oi9jC2MILX1wbOiOoU0HhnCXprtdXuG0x3kY9-wGJWc/edit?usp=drive_link,https://drive.google.com/drive/folders/1IT1H1wQDGpdMGp0R4oNpqQwPJ2bU9-DT,,enablement,live-replay,value-realization,bva|coe|csm|gladly|roi|sales|value-realization|voice,enablement,published,,0,0,2025-12-28T08:08:11.988Z
BVA Intro deck for Customers,bva-intro-deck-for-customers,"This deck can supplement your discovery to introduce the exercise to prospect or customers: the BVA process, why it could benefit them, potential data required, and what sample outputs look like.",https://docs.google.com/presentation/d/1AWu9KZw2Kcc6oThj2q6FU0oXGeqavwlJ9KD3uEXyyMo/edit#slide=id.g2815936df9e_0_7,,,,,enablement,guide,value-realization,csm|customer-success|sales,enablement,published,,0,0,2025-12-28T08:20:23.496Z
BVA Readout Template,bva-readout-template,BVA Readout Template for telling compelling value stories with financial justification.,https://docs.google.com/presentation/d/15ScGeoNBnZ63_RZ5eOwhDouVTCZR4l9xG1jYs8F79d0/present,,,,,content,slides,template,bva|financial-justification|readout|roi|value,content,published,,0,0,2025-12-28T09:00:03.135Z
BVA SLA + Live Demo Walkthrough,bva-sla-live-demo-walkthrough,This folder contains resources from an Enablement Hour session focused on two key sales topics: a new Business Value Assessment (BVA) process and the training materials for a 15-Minute Demo Certifi...,https://drive.google.com/file/d/1Itkk6F2_Xyo697xny_TN99yQM4NscpdV/view?usp=drive_link,https://drive.google.com/file/d/1Itkk6F2_Xyo697xny_TN99yQM4NscpdV/view?usp=drive_link,https://docs.google.com/presentation/d/1Xrvj5G2QH9Cz85c4F8nJKKtex4YL7MBdyUf5K4kxaFM/edit?usp=drive_link,https://drive.google.com/drive/folders/1ln1XqawDwxRGg9o1AvjVKfTemyKNc_hb?usp=drive_link,,enablement,live-replay,value-realization,bva|coe|csm|roi|sales|value-realization,enablement,published,,0,0,2025-12-28T08:08:11.988Z
Call Scripts,call-scripts-apex,Internal Facing APEX Outbound messaging with GTM strategy for Sidekick.,https://docs.google.com/document/d/1vgX7fLSS2w7BKs2J3IzU_OOml4-LcDY-1SU1jqv4j3c/edit,,,,,content,document,messaging,apex|call-scripts|gladly|gtm|outbound|sc|sidekick,content,published,,0,0,2025-12-28T09:00:03.914Z
Case Studies Testimonials Social Proof Slides,case-studies-social-proof-slides,Social Proof collection of customer success stories quotes and key metrics.,https://docs.google.com/presentation/d/1Los9XfjtmFBJbbcY5vUf9YuRhlDzocw5Y9wmJq9Slx8/edit,,,,,content,slides,template,case-studies|customers|metrics|social-proof|testimonials,content,published,,0,0,2025-12-28T09:00:03.718Z
Competitive Capability Research,competitive-capability-research,Detailed comparison spreadsheet of AI platforms including Sidekick Intercom Fin Decagon Ada and more.,https://docs.google.com/spreadsheets/d/1PupVCE-HdsYnrMkscOI2Mtw73Zbceg02rPVX7XK5TKU/edit,,,,,content,spreadsheet,competitive,ada|comparison|decagon|genesys|gladly|intercom|research|sales|salesforce|sidekick|sierra|zendesk,content,published,,0,0,2025-12-28T09:00:03.135Z
Consumption Dashboard,consumption-dashboard,Dashboard monitoring customer consumption patterns and usage trends.,https://gladly.lightning.force.com/lightning/r/Dashboard/01ZQh000002gUYPMA2/view,,,,,coe,tool,internal-best-practice,csm|customer-success|insights|insights-dashboards,coe,published,,0,0,2025-12-28T08:20:23.496Z
Content Cheat Sheet,content-cheat-sheet,Content Cheat Sheet from Gladly Content Team with mission resources and Q3 2025 priorities.,https://docs.google.com/document/d/1wQGGRdwZEQIUoTYM-g50Qn5m90cSTCpiQ7-jDUPhk7o/edit,,,,,content,document,guide,content|marketing|mktg|priorities|resources,content,published,,0,0,2025-12-28T09:00:03.135Z
Content Garden,content-garden,Comprehensive inventory of content assets focused on AI and Customer Experience topics.,https://docs.google.com/spreadsheets/d/1y-p4_Ax7PKwfKDRa3djxYLAjD9tnc3m42YmYwa44aE4/edit,,,,,coe,spreadsheet,dashboard,ai|content|cx|inventory|marketing|mktg,coe,published,,0,0,2025-12-28T09:00:03.135Z
Core Systems Tips and Tricks,core-systems-tips-tricks,Internal resource for RevOps combining system tips with project management templates.,https://docs.google.com/document/d/1uBiC3y-yMgVGLkk67u_PUFttIhb9d8Nfc_qmyVM39J8/edit,,,,,content,document,guide,process|ps|revops|systems|tips,content,published,,0,0,2025-12-28T09:00:03.718Z
CSM Compensation,csm-compensation,"This document is the CSM Compensation Guide for FY 2026, detailing the Customer Success Manager variable pay models for Q1, Q2, and Q3.",https://docs.google.com/document/d/1xBiMzV5QbgbcLFkOQTdfm5OOFbEs7uvdb5iX1W4clus/edit?tab=t.9t447anjdwmn#heading=h.obkpegulbcns,,,,,coe,tool,internal-best-practice,csm|customer-success,coe,published,,0,0,2025-12-28T08:20:23.496Z
CSM Compensation Guide (FY2026 Q2),csm-compensation-guide-fy2026-q2,"This document is the CSM Compensation Guide FY2026, which details the variable compensation models for Customer Success Managers across Q1, Q2, and Q3.",https://docs.google.com/document/d/1xBiMzV5QbgbcLFkOQTdfm5OOFbEs7uvdb5iX1W4clus/,,,,,coe,guide,internal-best-practice,csm|customer-success,coe,published,,0,0,2025-12-28T08:20:23.496Z
Customer AI Guide,customer-ai-guide,Comprehensive guide to Gladly Customer AI capabilities and implementation.,https://cdn.sanity.io/files/ny21dgz6/production/6af3c91cf9107316fbe87182799ea3d62f17887c.pdf,,,,,content,pdf,guide,capabilities|customer-ai|impl|implementation|overview,content,published,,0,0,2025-12-28T09:00:03.718Z
Customer AI Guide with App Platform,customer-ai-guide-app-platform,Presentation introducing Sidekick Email and new App Platform features.,https://cdn.sanity.io/files/ny21dgz6/production/6af3c91cf9107316fbe87182799ea3d62f17887c.pdf,,,,,content,pdf,guide,app-platform|customer-ai|features|gladly|sidekick-email,content,published,,0,0,2025-12-28T09:00:03.718Z
Customer AI One Pager,customer-ai-one-pager,Infographic detailing Gladly Customer AI intelligence layer for CX Platform.,https://drive.google.com/file/d/1dVUrfYkQUHbuUY2kiM3WnfnoZOlGLY1D/view,,,,,content,pdf,one-pager,customer-ai|efficiency|personalization|platform,content,published,,0,0,2025-12-28T09:00:03.718Z
Customer AI Video 30 sec,customer-ai-video-30sec,30-second video highlighting Gladly Customer AI platform integration.,https://gladly.wistia.com/medias/9u1ti1dmce,,,,,content,video,deck,customer-ai|overview|platform|short-form|video,content,published,,0,0,2025-12-28T09:00:03.914Z
Customer Meeting Slides,customer-meeting-slides,CS slides for leading compelling actionable customer meetings based on outcomes.,https://docs.google.com/presentation/d/1BMqm50ls4lJfYPw1TSyoSFjuBmM3u2m8PVEwTNy5Rko/edit,,,,,content,slides,template,csm|customer-meeting|outcomes|qbr|slides,content,published,,0,0,2025-12-28T09:00:03.135Z
Customer Meeting Template Megadeck,customer-meeting-megadeck,Customer Meeting Megadeck FY26 Q4 modular presentation for CSMs and AMs.,https://docs.google.com/presentation/d/1BMqm50ls4lJfYPw1TSyoSFjuBmM3u2m8PVEwTNy5Rko/edit,,,,,content,slides,template,csm|customer-meeting|megadeck|modular|qbr,content,published,,0,0,2025-12-28T09:00:03.718Z
CX Persona Flow A AI Forward,cx-persona-flow-a,CX persona outreach sequence with AI-forward messaging approach.,https://web.outreach.io/sequences/2152/overview,,,,,content,document,messaging,ai-forward|cx-persona|outreach|sequence,content,published,,0,0,2025-12-28T09:00:03.718Z
CX Persona Flow B Pain Forward,cx-persona-flow-b,CX persona outreach sequence leading with common pain points.,https://web.outreach.io/sequences/2155/overview,,,,,content,document,messaging,cx-persona|outreach|pain-points|sequence,content,published,,0,0,2025-12-28T09:00:03.718Z
Deal Desk SSOT,deal-desk-ssot,"The ""Deal Desk Operations (SSOT)"" document serves as the single source of truth for all sales and customer success personnel on the structure, responsibilities, and processes of the Gladly Deal Des...",https://docs.google.com/document/d/1QSvu3dq3JFGTix066tZi-UVVpVRN1n5JpnRavFfCMmQ/edit?tab=t.kvo8s2ytjhp7#heading=h.1l4t046pu02f,,,,,enablement,guide,product-training,csm|customer-success|gladly|gladly-sidekick|gladly-team|impl|implementation|sales,enablement,published,,0,0,2025-12-28T08:20:23.496Z
DealHub Certification,dealhub-certification,"This self-led program equips you to confidently create and manage quotes in DealHub by learning how it integrates with Salesforce, automates data sync, and streamlines the quote-to-contract process.",,,,https://classroom.google.com/w/NzM1NTM3MjkxNzQx/tc/NzY1MTYxNDE2NTEz,,coe,course,internal-best-practice,course|internal-ops|ps|sales,coe,published,,0,0,2025-12-28T07:49:21.783Z
DealHub Module 1: DealHub 101,dealhub-module-1-dealhub-101,DealHub certification module 1 - DealHub 101,https://drive.google.com/file/d/1r55AH8fD5ECdPrDF0O6vQuO1dywFbSe9/view,https://drive.google.com/file/d/1r55AH8fD5ECdPrDF0O6vQuO1dywFbSe9/view,,,,enablement,course,certification,course|internal-ops|ps|sales,enablement,published,,0,0,2025-12-28T07:49:21.783Z
DealHub Module 2: Simple Quote Generation,dealhub-module-2-simple-quote-generation,DealHub certification module 2 - Simple Quote Generation,https://drive.google.com/file/d/1VBXMHfoBXvjQWyg5ZvjCAimaazLemOM_/view,https://drive.google.com/file/d/1VBXMHfoBXvjQWyg5ZvjCAimaazLemOM_/view,,,,enablement,course,certification,course|internal-ops|ps|sales,enablement,published,,0,0,2025-12-28T07:49:21.783Z
DealHub Module 3: Advanced Quoting,dealhub-module-3-advanced-quoting,DealHub certification module 3 - Advanced Quoting,https://drive.google.com/file/d/1oVEM3Jjq7YMQHeW2HvEObjjfLYOt2lip/view,https://drive.google.com/file/d/1oVEM3Jjq7YMQHeW2HvEObjjfLYOt2lip/view,,,,enablement,course,certification,course|internal-ops|ps|sales,enablement,published,,0,0,2025-12-28T07:49:21.783Z
DealHub Module 4: Approvals & Dealtalk,dealhub-module-4-approvals-dealtalk,DealHub certification module 4 - Approvals & Dealtalk,https://drive.google.com/file/d/1nbHeiZr4OzJQN6aF1IWbwPG34jnyQvII/view,https://drive.google.com/file/d/1nbHeiZr4OzJQN6aF1IWbwPG34jnyQvII/view,,,,enablement,course,certification,course|internal-ops|ps|sales,enablement,published,,0,0,2025-12-28T07:49:21.783Z
DealHub Module 5: Publishing & Execution,dealhub-module-5-publishing-execution,DealHub certification module 5 - Publishing & Execution,https://drive.google.com/file/d/1kEgBI_O8-rM8B4zgvilrQYajA9Chvv0v/view,https://drive.google.com/file/d/1kEgBI_O8-rM8B4zgvilrQYajA9Chvv0v/view,,,,enablement,course,certification,course|internal-ops|ps|sales,enablement,published,,0,0,2025-12-28T07:49:21.783Z
Decagon Battlecard,decagon-battlecard,Competitive battle card comparing AI agent platform Decagon with Gladly positioning Gladly as the preferred solution.,https://drive.google.com/file/d/1-KbCuHpkUuCiJmSZkYO9imBki3sa50IZ/view,,,,,content,pdf,battlecard,ai-agents|decagon|enterprise,content,published,,0,0,2025-12-28T09:00:03.135Z
Demo Monkey Training,demo-monkey-training,"This video is a training session on how to use the Demo Monkey Chrome extension to customize the look and text of a demonstration environment and a prospect's website, such as changing generic reta...",https://drive.google.com/file/d/1k69fFByM3yZ-4XZm6b6u0me53ZO44Qdr/view,https://drive.google.com/file/d/1k69fFByM3yZ-4XZm6b6u0me53ZO44Qdr/view,,,,enablement,video,gtm-training,csm|customer-success|gladly|gladly-sidekick|insights|insights-dashboards|sc|solutions-consultant,enablement,published,,0,0,2025-12-28T08:20:23.496Z
Demoing Gladly Set Up Instructions,demoing-gladly-set-up-instructions,"This document is the comprehensive ""go-to guide"" for setting up and conducting a product demonstration of Gladly, an AI-powered customer service platform.",https://docs.google.com/document/d/1_ghQAlKgoWlT6vJeZ93hOkP4x6Eg5ft3alxyebSrs5s/edit?tab=t.8he7fz6pw1bq#heading=h.mr16ie5z3f3u,,,,,content,guide,deck,csm|customer-success|demo|gladly-team|sales|sc|solutions-consultant,content,published,,0,0,2025-12-28T08:20:23.496Z
Discovery,discovery,"This self-led program equips you to excel in first meetings by showcasing Gladly’s value, customizing the deck, building rapport, and conducting discovery.",,,,https://docs.google.com/document/d/1PALIKygFK0qpJUDz0TIiXPyy-xWn4oRZ9G6zezCyfYs/edit?tab=t.0,,enablement,course,gtm-training,course|csm|customer-success|gtm-strategy|sales|value-realization,enablement,published,,0,0,2025-12-28T07:49:21.783Z
Dixa Battlecard,dixa-battlecard,Dixa Battle Card for Gladly sales teams competing against Dixa.,https://docs.google.com/document/d/1_x1GZjDmha5lDn-Fn2a0tkeAV10NdVeN0nP147KX3lk/edit,,,,,content,document,battlecard,conversational|dixa|smb,content,published,,0,0,2025-12-28T09:00:03.135Z
ENT/MM:  Early Stage Execution S1>S3,entmm-early-stage-execution-s1s3,"This selection of documents and sheets focuses on sales and Go-to-Market (GTM) strategy for Gladly, encompassing a GTM hub, competitor battlecards, and detailed sales process documentation.",https://drive.google.com/file/d/1ANX05XbSEjOsSo7UD8mZm61zCCXcf9Ke/view?usp=drive_link,https://drive.google.com/file/d/1ANX05XbSEjOsSo7UD8mZm61zCCXcf9Ke/view?usp=drive_link,https://docs.google.com/presentation/d/1oCEMXXzyw83HJfIpGIgOd6QD0JMWvu4H4Eh2NkZe6pw/edit?usp=drive_link,https://drive.google.com/drive/folders/1WLdRQ7c1tPNfwkUdzXVb9U0-pmhN5RUe,,enablement,live-replay,gtm-training,playbook|sales,enablement,published,,0,0,2025-12-28T07:49:21.783Z
Exec Summary Template,exec-summary-template,Template for creating executive business review summary documents.,https://docs.google.com/document/d/14LpTNuM_v8QvJMv4122mFbkS_tWiLaMQPQ_oKpzBcaw/template/preview,,,,,coe,slides,internal-best-practice,csm|customer-success,coe,published,,0,0,2025-12-28T08:20:23.496Z
Executive Meeting Schedule & Summaries,executive-meeting-schedule-summaries,"This document contains detailed meeting notes from May to December 2025 regarding Gladly's partnership with Nordstrom, outlining executive discussions and technical workstreams.",https://docs.google.com/document/d/1r8gaizvRrwq9_cO4py62TSXoTbB5M68NJMvATRjugtE/edit?tab=t.0#heading=h.nzm35iuxl10v,,,,,coe,tool,internal-best-practice,csm|customer-success|gladly|gladly-sidekick,coe,published,,0,0,2025-12-28T08:20:23.496Z
Field Demo Certification Intro,field-demo-certification-intro,"The folder contains a presentation, meeting notes, and a recording related to the Field Demo Certification program, which is designed to train Account Executives, Account Managers, and Solutions Co...",https://drive.google.com/file/d/1LJvdvlP3vDgfgS2uExr2oCmjJR55fkWY/view?usp=drive_link,https://drive.google.com/file/d/1LJvdvlP3vDgfgS2uExr2oCmjJR55fkWY/view?usp=drive_link,https://docs.google.com/presentation/d/1buZ9LWl8__ax0UAkT2vAcoQQFhvy17GJn1CJ53XpUWs/edit?usp=drive_link,https://drive.google.com/drive/folders/1fprUSo0UDj0cee4BI85oPwrI8CKWlgbP,,enablement,live-replay,certification,csm|customer-success|partner|sc|solutions-consultant,enablement,published,,0,0,2025-12-28T07:49:21.783Z
First Meeting Deck Release 2.0,first-meeting-deck-2-0,First Meeting Deck for AI-powered platform with Sidekick and Hero outcomes-based AI.,https://docs.google.com/presentation/d/1TzNEZDVrxebVmFrHC4Jw6xhzUCPf4de7AUQ3-BxsNcY/edit,,,,,content,slides,template,customer-ai|first-meeting|gladly|gladly-team|hero|outcomes|sidekick,content,published,,0,0,2025-12-28T09:00:03.718Z
First Meeting Deck Template,first-meeting-deck-template,First Meeting Deck for Gladly CX platform introduction powered by Customer AI.,https://docs.google.com/presentation/d/1Qdyxq28dI7SgXoglXYJeTR0ErMc3Z0VFYKfCOg5dOhA/edit,,,,,content,slides,template,customer-ai|discovery|first-meeting|sales|sales-methodology|sc|slides,content,published,,0,0,2025-12-28T09:00:03.135Z
Flip Competitive + SK Voice Roadmap,flip-competitive-sk-voice-roadmap,"The folder ""EH 9/4/25: Flip Competitive + SK Voice Roadmap"" contains materials primarily focused on positioning Gladly's Sidekick Voice product against its competitor, Flip.",https://drive.google.com/file/d/1lX6mQR67YrmyhMj7yQKYjaHGEDu9Ia6s/view?usp=drive_link,https://drive.google.com/file/d/1lX6mQR67YrmyhMj7yQKYjaHGEDu9Ia6s/view?usp=drive_link,https://docs.google.com/presentation/d/1HXtnTEDy1whNxU0OC3CZXs4R85amvqR7cyh9wBe6Jdk/edit?usp=drive_link,https://drive.google.com/drive/folders/1HpX_xLFPJVlACOUl3IM9v5rB589JMFli?usp=drive_link,,content,live-replay,competitive,gladly|sales|voice,content,published,,0,0,2025-12-28T07:49:21.783Z
Flip.cx Voice Battle Card,flip-voice-battlecard,Comprehensive sales and enablement kit for Gladly's Sidekick Voice AI product with competitive positioning against Flip.cx.,https://docs.google.com/document/d/1JOiR2HIDwXNUMvDK46nUV7wtX-ccRtdzgLwVTdAgiU4/edit,,,,,content,document,battlecard,flip|gladly|sidekick-voice|voice|voice-ai,content,published,,0,0,2025-12-28T09:00:03.135Z
Fortune article,fortune-article,Fortune magazine coverage of Gladly's Customer AI innovation.,https://brand-studio.fortune.com/gladly/gladly-unveils-customer-ai-to-reverse-the-decade-long-decline-in-cx/?prx_t=J9sJAAAAAAovEQA,,,,,content,article,press,brand|customer-ai|cx-strategy|enterprise|press,content,published,,0,0,2025-12-28T09:00:03.135Z
Full Funnel Customer Expansion Dash,full-funnel-customer-expansion-dash,Full-funnel dashboard for tracking customer expansion opportunities.,https://gladly.lightning.force.com/lightning/r/Dashboard/01ZQh000002cLtVMAU/view,,,,,coe,tool,internal-best-practice,csm|customer-success|insights|sales,coe,published,,0,0,2025-12-28T08:20:23.496Z
Genesys Battlecard,genesys-battlecard,Competitive battle card positioning Gladly against Genesys as a Hero and Sidekick Competitor with key differentiators.,https://docs.google.com/document/d/1h9B0TPLhLPvV1HIu43u4_NQbx0eWhuffYIMW40-kZVM/edit,,,,,content,document,battlecard,ccaas|enterprise|genesys|gladly|gladly-team|hero|sidekick,content,published,,0,0,2025-12-28T09:00:03.135Z
Gladly Awards Slide,gladly-awards-slide,Awards Wall 2025 templates showcasing Gladly industry awards and recognition.,https://docs.google.com/presentation/d/1JSs7366K039u3AhBiO-vxGEXv6b7avB5XhL_wlvyXSo/edit,,,,,content,slides,template,awards|brand|recognition|social-proof,content,published,,0,0,2025-12-28T09:00:03.135Z
Gladly Brand Guidelines,gladly-brand-guidelines-pdf,Complete Gladly Brand Guidelines covering logotype colors typography and visual identity.,https://drive.google.com/file/d/1VnyDlJmpByt7nBbAmBVXQnA4lpBnqM5v/view,,,,,content,pdf,guide,brand|design|guidelines|identity|marketing|mktg,content,published,,0,0,2025-12-28T09:00:03.135Z
Gladly Brand Guidelines High Level,gladly-brand-guidelines-high-level,Brand Guidelines presentation for consistent Gladly brand representation.,https://docs.google.com/presentation/d/10SILxH41R64hYfIngnCsO3nZfbJY7zFDGB2cA9b1FoM/edit,,,,,content,slides,guide,brand|design|guidelines|marketing|mktg,content,published,,0,0,2025-12-28T09:00:03.135Z
Gladly Customer AI Launch Video,gladly-customer-ai-launch-video,Video on Customer AI solving personalized service and cost-effectiveness tradeoffs.,https://gladly.wistia.com/medias/6j0k6m70k1,,,,,content,video,deck,cost-savings|customer-ai|launch|personalization|platform|video,content,published,,0,0,2025-12-28T09:00:03.914Z
Gladly Customer AI Video,gladly-customer-ai-video,Video highlighting Customer AI approach to fundamentally different CX.,https://gladly.wistia.com/medias/1gkuxekq2f,,,,,content,video,deck,customer-ai|innovation|overview|platform|video,content,published,,0,0,2025-12-28T09:00:03.718Z
Gladly Demo 2025,gladly-demo-2025,Video of Julie Chang experiencing personalized Sidekick AI service at Retali Outdoors.,https://gladly.wistia.com/medias/mrye3schxt,,,,,content,video,deck,customer-experience|demo|gladly|personalization|retail|sidekick|video,content,published,,0,0,2025-12-28T09:00:03.914Z
Gladly Eliminates Silos One Pager,gladly-eliminates-silos-one-pager,Use Case One Pager showing how Gladly breaks siloed support experiences.,https://drive.google.com/file/d/1pY4hOMPc7YhXm2AskFHACR6Zw33MDcnR/view,,,,,content,pdf,one-pager,gladly|omnichannel|sidekick|silos|unified|use-case,content,published,,0,0,2025-12-28T09:00:03.718Z
Gladly One Pager,gladly-one-pager,One-pager overview of Gladly AI-powered Customer Service Platform.,https://drive.google.com/file/d/1bT7UvpYZ3fWHfvuc_3ZQoE8AKPnoLDul/view,,,,,content,pdf,one-pager,customer-ai|gladly|overview|platform|sidekick,content,published,,0,0,2025-12-28T09:00:03.718Z
Gladly Partner Battle Card One Pager,gladly-partner-battlecard,Partner One Pager providing overview of Gladly's AI-powered customer service platform for partners.,https://drive.google.com/file/d/17_9LCwnL9BH1ZfoeLQOhHPqn7RHNN-If/view,,,,,content,pdf,battlecard,customer-ai|overview|partner|platform,content,published,,0,0,2025-12-28T09:00:03.135Z
Gladly Platform Demo Guide Q2 2025,gladly-demo-guide-q2-2025,Comprehensive Gladly Platform Demo Guide and Script for Q2 2025 Demo Certification.,https://docs.google.com/document/d/12vNcMToBUXSbvCUwiL4gnr-b5Z6x4-pUFUJ5IOxrORg/edit,,,,,content,document,guide,certification|demo|gladly|journeys|q2-2025|sc|script|sidekick,content,published,,0,0,2025-12-28T09:00:03.914Z
Gladly Sales Process:  S0 -> S1,gladly-sales-process-s0-s1,"This selection of documents and sheets focuses on sales and Go-to-Market (GTM) strategy for Gladly, encompassing a GTM hub, competitor battlecards, and detailed sales process documentation.",https://drive.google.com/open?id=1UHYUQWIHF8iZYJ399KDmCuv86GfkZSGw,https://drive.google.com/open?id=1UHYUQWIHF8iZYJ399KDmCuv86GfkZSGw,,https://drive.google.com/drive/folders/1xbjiuteJWWVkT8K2GvNNLriS0R3urzrS?usp=drive_link,,enablement,live-replay,gtm-training,playbook|sales,enablement,published,,0,0,2025-12-28T07:49:21.783Z
Gladly Sidekick Video,gladly-sidekick-video,Video on Sidekick providing human-like interaction beyond deflection AI.,https://gladly.wistia.com/medias/xzm9o5gpsl,,,,,content,video,deck,ai|engagement|gladly|human-like|journeys|sidekick|video,content,published,,0,0,2025-12-28T09:00:03.914Z
Gladly Slide Template,gladly-slide-template,Gladly Slide Template 2025 guide ensuring brand identity alignment in presentations.,https://docs.google.com/presentation/d/19gVbxwGuKvJKGDLAyRg_q_wJPcNXhSef-UgaQohEXCI/edit,,,,,content,slides,template,brand|design|guidelines|slides,content,published,,0,0,2025-12-28T09:00:03.135Z
Gorgias Battlecard,gorgias-battlecard,Competitive battle card positioning Gladly against Gorgias e-commerce customer service platform.,https://drive.google.com/file/d/18QRQimV3gSjfZw7uSsFfXBLxICy0_qFg/view,,,,,content,pdf,battlecard,ecommerce|gorgias|retail|smb,content,published,,0,0,2025-12-28T09:00:03.135Z
Gorgias Demo Mockup,gorgias-demo-mockup,Demo mockup showing Sidekick integration with Gorgias environment.,https://www.figma.com/proto/JVHhluYSGETGxAxvq4TqOz/Sidekick-Standalone,,,,,content,tool,deck,demo|figma|gladly|gorgias|prototype|sidekick-standalone,content,published,,0,0,2025-12-28T09:00:03.914Z
GTM Launch Sizing,gtm-launch-sizing,GTM Launch Sizing framework with T-shirt Sizes for categorizing launches by scale and effort.,https://docs.google.com/document/d/1xbK_FVGttqS2Kd8Hc-uL7U1mCvSelL9uyaD0kGgZUf0/edit,,,,,content,document,guide,gtm|launch|planning|process|sizing,content,published,,0,0,2025-12-28T09:00:03.135Z
Guides and Journeys One Pager,guides-journeys-one-pager,Product one-pager for Guides and Journeys for Sidekick empowering teams with natural language AI.,https://drive.google.com/file/d/1AqXx3BV7UtlUeiovr20Dsc1Rc2qS-u9f/view,,,,,content,pdf,one-pager,ai-strategy|gladly|guides|journeys|natural-language|sidekick,content,published,,0,0,2025-12-28T09:00:03.718Z
Guides Sales Prototype,guides-sales-prototype,Product Prototypes 2025 with Guides Prototype and Sidekick Sales scripts and directions.,https://docs.google.com/document/d/10YIgb8-OUFY7K_fbhXZByC30PqgLfDZ4HLPqN-9e6Go/edit,,,,,content,document,guide,gladly|guides|prototype|roadmap|sales|sc|scripts|sidekick-sales,content,published,,0,0,2025-12-28T09:00:03.914Z
How RevOps Launches (Launch Tiering),how-revops-launches-launch-tiering,"This document, ""Gladly RevOps: How We Launch,"" is the definitive playbook for conducting RevOps launches at Gladly.",https://docs.google.com/document/d/1Sobop3Di3Y5op6yRL-me8D9-cbEHRkeeor2mVlJRCgE/edit?usp=sharing,,,,,enablement,guide,product-training,csm|customer-success|gladly-team|sales,enablement,published,,0,0,2025-12-28T08:20:23.496Z
How to Set Up an App,how-to-setup-app-video,Video guide for integrating apps built by Gladly on the platform.,https://gladly.wistia.com/medias/pd782zyft1,,,,,content,video,guide,app-platform|integration|setup|tutorial|video,content,published,,0,0,2025-12-28T09:00:03.914Z
How To Work With RevOps,how-to-work-with-revops,"This document, ""How To Work With RevOps,"" serves as a guide to help employees understand the Revenue Operations team, defining what RevOps is responsible for and how they are organized into Operati...",https://docs.google.com/document/d/1Yi5C5X6SsKeMx0mLloP_kR1gQk9wc3sJL6h-peJbfXw/edit?usp=sharing,,,,,enablement,guide,product-training,csm|customer-success|insights|insights-dashboards|sales,enablement,published,,0,0,2025-12-28T08:20:23.496Z
Implementation Template 201 SC,implementation-template-201-sc,Implementation Template 201 for Solutions Consultants during customer scoping phase.,https://docs.google.com/presentation/d/1uDIMkEiY8htWjZaDt9L3LLXfZRehtXwCh9g8e3mmBUg/edit,,,,,content,slides,template,201|impl|implementation|proposal|sc|scoping,content,published,,0,0,2025-12-28T09:00:03.135Z
Inbound Content Tracker,inbound-content-tracker,Gladly Editorial Tracker for monitoring and managing editorial content projects.,https://docs.google.com/spreadsheets/d/1zpjKQfkjY0503zAhMlGVFxtkhJ-iblFiHVREZBFOiMk/edit,,,,,coe,spreadsheet,dashboard,content|editorial|marketing|mktg|planning|tracker,coe,published,,0,0,2025-12-28T09:00:03.135Z
Intercom Fin Battlecard,intercom-fin-battlecard,Competitive battle card detailing strengths and weaknesses of Intercom Fin AI agent.,https://drive.google.com/file/d/1hxDSNP-QyNMETjwxSv5PQ42kIHAmuh6y/view,,,,,content,pdf,battlecard,ai-agents|chatbot|fin|intercom,content,published,,0,0,2025-12-28T09:00:03.135Z
Intercom Fin Sidekick Battle Card (External),intercom-fin-sidekick-battlecard,Competitor Battlecard comparing Gladly Sidekick and Intercom Fin AI chatbot.,https://drive.google.com/file/d/1it3W8ly3oDsj25SOr-cEkkpnD_pxcyEX/view,,,,,content,pdf,battlecard,chatbot|fin|gladly|intercom|sidekick|smb,content,published,,0,0,2025-12-28T09:00:03.135Z
Internal Segmentation Guide,internal-segmentation-guide,"This document is Gladly’s Internal Segmentation Guide, which records the company's most used campaign audience lists for sales and marketing efforts.",https://docs.google.com/document/d/1ccNh6ZByNbiYr4zDymvM1TQQF6JZ3JAGSOwHYIXXATM/edit?usp=sharing,,,,,coe,guide,internal-best-practice,gladly-team|sales,coe,published,,0,0,2025-12-28T08:20:23.496Z
July All Hands,july-all-hands,"The GTM AH: 7/3/25 July folder contains five shortcuts to files, including the notes, slides, and recording from the July 3, 2025, Go-to-Market All Hands meeting.",https://drive.google.com/file/d/1AzUEaKy1kmKWxo5UxvcNiASVa5JFTy2P/view?usp=drive_link,https://drive.google.com/file/d/1AzUEaKy1kmKWxo5UxvcNiASVa5JFTy2P/view?usp=drive_link,https://docs.google.com/presentation/d/1g-7G3sZ9fUrqa77SeOgqG3h-JCZlSiLWpa48YiNlCG0/edit?usp=drive_link,https://drive.google.com/drive/folders/1HXrK9pAtoMhPLr41atfGzmOSD9aplgpV,,enablement,live-replay,gtm-training,impl|implementation|sales|sc|solutions-consultant|technical,enablement,published,,0,0,2025-12-28T07:49:21.783Z
June GTM All Hands,june-gtm-all-hands,"This folder contains the meeting notes and presentation deck from the June 5, 2025, Go-To-Market (GTM) All Hands session.",,,,https://drive.google.com/drive/folders/1rn3LiHevDt4ycc6IpJyoo3W3vSOeZ6qa,,enablement,live-replay,gtm-training,gtm-strategy|sales,enablement,published,,0,0,2025-12-28T07:49:21.783Z
Kustomer Battlecard,kustomer-battlecard,Competitive battlecard with knockout positioning against Kustomer.,https://docs.google.com/document/d/1z-ePQ3ApRnIdaZYaoJt03_MT5IibRID6TOgDqpYXslo/edit,,,,,content,document,battlecard,crm|enterprise|kustomer,content,published,,0,0,2025-12-28T09:00:03.135Z
Kustomer Competitor Knockout Play,kustomer-competitor-knockout-play,This play is designed to re-engage closed-lost opportunities from Kustomer by leveraging recent changes at Kustomer.,https://docs.google.com/document/d/1Qch86aH3u8v3R7cV5nWGPTKuOhzeolOHYOuTGMYWXCA/edit?tab=t.0,,,,,content,document,competitive,gladly-team|sales,content,published,,0,0,2025-12-28T08:20:23.496Z
Kustomer Demo Mockup,kustomer-demo-mockup,Demo mockup showing Sidekick integration with Kustomer environment.,https://www.figma.com/proto/JVHhluYSGETGxAxvq4TqOz/Sidekick-Standalone,,,,,content,tool,deck,demo|figma|gladly|kustomer|prototype|sidekick-standalone,content,published,,0,0,2025-12-28T09:00:03.914Z
Linc Battle Card 2024,linc-battlecard-2024,Linc Battle Card comparing Gladly Sidekick with competitor Linc.,https://docs.google.com/document/d/1vpQ9pWOMhNjA-bzMeMZAsegTaiHU6QgTLjigIlvfy28/edit,,,,,content,document,battlecard,ecommerce|gladly|linc|retail|sidekick,content,published,,0,0,2025-12-28T09:00:03.135Z
Live Customer Example Play Library,live-customer-example-play-library,This play allows prospects to experience Gladly in a real-world setting using live customer environments.,https://docs.google.com/document/d/1yJV4fHvPCu99QqMKr2QuB2_MSacc-nNiEOKj_kfCLqE/edit?tab=t.0#heading=h.tjb0gwcnipxo,,,,,enablement,document,gtm-training,gladly|gladly-sidekick|sales,enablement,published,,0,0,2025-12-28T08:20:23.496Z
Marketing Attribution Guide,marketing-attribution-guide,"This document, the ""Gladly Attribution Guide,"" establishes the single source of truth for defining and measuring opportunity attribution across all teams, ensuring clear definitions and alignment a...",https://docs.google.com/presentation/d/18732hX3L2Hm5ySPYd78K_UzoqEWVKbvGcGJVIcn7oQM/edit?usp=sharing,,,,,coe,guide,internal-best-practice,gladly-team|sales,coe,published,,0,0,2025-12-28T08:20:23.496Z
Marketing Dashboard,marketing-dashboard,Marketing performance dashboard tracking campaigns and attribution metrics.,https://gladly.lightning.force.com/lightning/r/Dashboard/01ZQh000001rOrdMAE/view?queryScope=userFolders,,,,,coe,tool,internal-best-practice,csm|customer-success|insights|insights-dashboards|sales,coe,published,,0,0,2025-12-28T08:20:23.496Z
Marketplace Sequence Messaging,marketplace-sequence-messaging,High Volume Marketplace Sequence messaging guide for sales outreach.,https://docs.google.com/document/d/1A3e5Q5vYkOZJo4i14hdfHDXH8ewCo9TTz0699FqEkU0/edit,,,,,content,document,messaging,marketplace|outreach|sales|sales-cadence|sequence,content,published,,0,0,2025-12-28T09:00:03.718Z
MEDPICCC Scorecard Template,medpiccc-scorecard-template,"This spreadsheet appears to be a sales methodology or deal qualification checklist, using criteria like Metrics, Economic Buyer, Decision Criteria, and Champion, indicated by the acronyms in the fi...",https://docs.google.com/spreadsheets/d/1IEQ8w-FyK91FRismy5oOW3OKfJDSlaccdK8vqRlvL-U/edit?gid=0#gid=0,,,,,content,guide,template,sales,content,published,,0,0,2025-12-28T08:20:23.496Z
MM/ENT Closing Excellence S4 -> Close,mment-closing-excellence-s4-close,"This folder contains the training content for the final phases of the Enterprise and Mid-Market sales process, covering Stage 4 (Finalist) through Stage 5 (Contracting) to Closed Won.",https://drive.google.com/file/d/1SCYhbljgoYOF4lEl7HAbcARfrza7XtkB/view?usp=drive_link,https://drive.google.com/file/d/1SCYhbljgoYOF4lEl7HAbcARfrza7XtkB/view?usp=drive_link,https://docs.google.com/presentation/d/1y9wfh0j-mo1yTs8tk5VeGahQoz6L6bHUHn_7MBgTWY4/edit?usp=drive_link,https://drive.google.com/drive/folders/1OFJnIPA3kgjAbtk5bcc9HRKWfC02j0qu,,enablement,live-replay,gtm-training,csm|customer-success|product|sales,enablement,published,,0,0,2025-12-28T08:08:11.988Z
Netomi Battle Card 2024,netomi-battlecard-2024,Netomi Battle Card comparing Gladly Sidekick against Netomi AI platform.,https://docs.google.com/document/d/10SGlOfQa6ScUmQX4qAgpe_YrSdZPFtHDnK_lFK7bSAI/edit,,,,,content,document,battlecard,ai-agents|automation|gladly|netomi|sidekick,content,published,,0,0,2025-12-28T09:00:03.135Z
New Customer Quotes,new-customer-quotes,Gladly 2.0 Positioning and Narrative Doc with core messaging and customer quotes.,https://docs.google.com/document/d/11WASvMHVqCLqAzokS2y9YUGQdmbs5cTeqI_OrmyBApE/edit,,,,,content,document,messaging,customer|gladly|narrative|positioning|quotes|sidekick,content,published,,0,0,2025-12-28T09:00:03.718Z
One Off to Closed Lost Zendesk Sequence,zendesk-closed-lost-sequence,Re-engagement sequence for Zendesk closed-lost opportunities.,https://web.outreach.io/templates/81974,,,,,content,document,messaging,closed-lost|outreach|re-engagement|sequence|zendesk,content,published,,0,0,2025-12-28T09:00:03.135Z
Online Marketplace Slides FY25 Q4,online-marketplace-slides-fy25-q4,Confidential slide library for Online Marketplaces vertical FY25 Q4.,https://docs.google.com/presentation/d/15lQocvlxIJKRoycn19k15Lc-oUr2Ih6jv4dJtww80_E/edit,,,,,content,slides,template,ecommerce|marketplace|slides|vertical,content,published,,0,0,2025-12-28T09:00:03.718Z
Online Marketplace Vertical Analysis,online-marketplace-vertical-analysis,Marketplace Vertical Research 2024 with market size key segments and pain points.,https://docs.google.com/document/d/1RGiv1Hb4fPfikezxsxIj4agGRN1Nl_zPMK3MY7vUnxM/edit,,,,,content,document,guide,analysis|ecommerce|marketplace|research|vertical,content,published,,0,0,2025-12-28T09:00:03.718Z
Online Marketplace Vertical One Pager,online-marketplace-one-pager,Vertical One Pager for Marketplace Solutions delivering trust at scale.,https://drive.google.com/file/d/1CRXgCgj_ruiJ0Clpjzb6UevL14WIXqRg/view,,,,,content,pdf,one-pager,ecommerce|marketplace|sc|scale|vertical,content,published,,0,0,2025-12-28T09:00:03.718Z
Online Marketplaces FAQs,online-marketplaces-faqs,FAQ guide for Travel Hospitality and Online Marketplaces verticals.,https://docs.google.com/document/d/1Cdd_ivXFOs2k1pipyeUUgSLTdUr3CSfzxq-qGErmkBs/edit,,,,,content,document,guide,faq|hospitality|marketplace|travel|vertical,content,published,,0,0,2025-12-28T09:00:03.718Z
Online Marketplaces Slides,online-marketplaces-slides,Slide library for Online Marketplaces vertical showing Gladly platform excellence at scale.,https://docs.google.com/presentation/d/15lQocvlxIJKRoycn19k15Lc-oUr2Ih6jv4dJtww80_E/edit,,,,,content,slides,template,ecommerce|first-meeting|marketplace|slides|vertical,content,published,,0,0,2025-12-28T09:00:03.135Z
Partnerships Barrel,partnerships-barrel,"This folder contains the notes and a recording of the ""Monthly Partnership Enablement"" session from December 10, 2025, which introduced the new agency partnership with Barrel.",https://drive.google.com/file/d/1H5GbfccU705DqPV7oc2zGFX630BsDMtU/view?usp=drive_link,https://drive.google.com/file/d/1H5GbfccU705DqPV7oc2zGFX630BsDMtU/view?usp=drive_link,,https://drive.google.com/drive/folders/1r22E2YGiczq7fe3nCok1pHyIFf5r1cHS,,enablement,live-replay,partner-training,partner,enablement,published,,0,0,2025-12-28T08:08:11.988Z
Pipeline Coverage - Board Reporting,pipeline-coverage-board-reporting,"This spreadsheet, titled ""Coverage Summary,"" tracks key performance indicators related to New Business CARR (Contracted Annual Recurring Revenue) targets, actuals, and pipeline coverage across diff...",https://docs.google.com/spreadsheets/d/1lJk3sbUAvABXpzskfh-I7OjwYHCtYb8kM-oWZgx3f0o/edit?usp=sharing,,,,,coe,tool,internal-best-practice,csm|customer-success|insights|insights-dashboards|sales,coe,published,,0,0,2025-12-28T08:20:23.496Z
Pipeline Reporting - Weekly Bus Review,pipeline-reporting-weekly-bus-review,"This spreadsheet, ""\[This FQ\]*DO NOT EDIT* Synced to Salesforce,"" is a record of sales opportunities.",https://docs.google.com/spreadsheets/d/1OeuVoAEZjRyWrm1_0vtKAT_voOpykuHXqsNF56LX_24/edit?usp=sharing,,,,,coe,tool,internal-best-practice,gladly|gladly-sidekick|insights|insights-dashboards|sales,coe,published,,0,0,2025-12-28T08:20:23.496Z
Pipeline Reporting EOQ Documentation,pipeline-reporting-eoq,Sales pipeline and opportunity tracker synced to Salesforce.,https://docs.google.com/spreadsheets/d/11XMQOYakYqJPk7QdEZGKGdPa1mgOAe_N_XWSSPEROHk/edit,,,,,coe,spreadsheet,dashboard,eoq|pipeline|ps|reporting|sales|sales-ops|salesforce,coe,published,,0,0,2025-12-28T09:00:03.914Z
Pod Success Dashboard,pod-success-dashboard,"This document appears to be a README sheet for a spreadsheet used to track customer experience (CX) data, specifically focusing on forecast, pace, and resolution for a set of top accounts.",https://docs.google.com/spreadsheets/d/1TcjaiHWCc74sM9rRSP9UcN8rtxhoBUUI7sMKRetOpro/edit?usp=sharing,,,,,coe,tool,internal-best-practice,csm|customer-success|insights|insights-dashboards,coe,published,,0,0,2025-12-28T08:20:23.496Z
Product Utilization - (CSM),product-utilization-csm,Dashboard tracking product utilization metrics for Customer Success team oversight.,https://gladly.lightning.force.com/lightning/r/Dashboard/01ZQh000002I19NMAS/view,,,,,coe,tool,internal-best-practice,csm|customer-success|insights,coe,published,,0,0,2025-12-28T08:20:23.496Z
Project Brief Templates,project-brief-templates,Templates for creating project brief documents for initiatives.,https://docs.google.com/document/d/1-6PZXNsCDD6DBZET-Cs8cMWc_WdH4w82z5jeLeIGVKk/template/preview,,,,,content,document,template,brief|planning|process|project,content,published,,0,0,2025-12-28T09:00:03.718Z
Project Discovery & Scoping (SC),project-discovery-scoping-sc,"This document is a ""Discovery and Scoping Worksheet"" designed to provide Solutions Consultants (SCs) with comprehensive scoping and discovery questions, organized by category.",https://docs.google.com/spreadsheets/d/1lEFVhGrIfID9uMZfkNiMPcIfEfzmNsJTBE5xUA1QUIA/edit?gid=368153992#gid=368153992,,,,,enablement,guide,product-training,csm|customer-success|impl|implementation|sales|sc|solutions-consultant,enablement,published,,0,0,2025-12-28T08:20:23.496Z
QBR Guide,qbr-guide,"This document outlines an automated process for creating Quarterly Business Review (QBR) slide decks to ensure greater accuracy, speed, and quality while saving time for both CSMs and RevOps.",https://docs.google.com/presentation/d/11EMqR6s3KOlnRafjzgITBmt4QyUFgvlC2zRxfvsmydU/edit?usp=sharing,,,,,content,guide,guide,csm|customer-success,content,published,,0,0,2025-12-28T08:20:23.496Z
Refuse to Compromise Keynote,refuse-to-compromise-keynote,Keynote video on CX demands for faster service and personalization without tradeoffs.,https://gladly.wistia.com/medias/9pmw3hcu1b,,,,,content,video,deck,customer-ai|cx|efficiency|keynote|personalization|video,content,published,,0,0,2025-12-28T09:00:03.914Z
Renewals Dashboard,renewals-dashboard,Salesforce dashboard for tracking customer renewals pipeline and retention metrics.,https://gladly.lightning.force.com/lightning/r/Dashboard/01Z8a0000010XbjEAE/view?queryScope=userFolders,,,,,coe,tool,internal-best-practice,csm|customer-success|insights|insights-dashboards,coe,published,,0,0,2025-12-28T08:20:23.496Z
RFP Lockout Play,rfp-lockout-play,"This play is designed to influence an RFP before it is issued, positioning Gladly as the preferred solution.",https://docs.google.com/document/d/1Qch86aH3u8v3R7cV5nWGPTKuOhzeolOHYOuTGMYWXCA/edit?tab=t.0,,,,,enablement,document,gtm-training,csm|customer-success|gladly-team|sales,enablement,published,,0,0,2025-12-28T08:20:23.496Z
RFP Responses Features Catalog,rfp-features-catalog,Gladly Features and Capabilities Catalog structured as detailed RFP response.,https://docs.google.com/presentation/d/18QltI12crYoWGqTH7VuJcR7OzcTGRsW3H7lavT_QqyE/edit,,,,,content,slides,guide,capabilities|enterprise|features|response|rfp,content,published,,0,0,2025-12-28T09:00:03.718Z
RFX Narrative Template,rfx-narrative-template,RFP Narrative Template 2025 comprehensive proposal presentation for client RFPs.,https://docs.google.com/presentation/d/1k65pLU9t9JI8pHXfzBhO2aAT-WyEpvPTt1x2M8MgEOQ/edit,,,,,content,slides,template,enterprise|narrative|proposal|rfp|rfx,content,published,,0,0,2025-12-28T09:00:03.718Z
Roadmap Figma Prototypes,roadmap-figma-prototypes,Product Prototypes and Scripts 2025 with Guides and Sidekick Sales prototypes.,https://docs.google.com/document/d/10YIgb8-OUFY7K_fbhXZByC30PqgLfDZ4HLPqN-9e6Go/edit,,,,,content,document,guide,figma|gladly|guides|prototype|roadmap|sales|sidekick-sales,content,published,,0,0,2025-12-28T09:00:03.718Z
Sales Activity Expectations & SK Voice AMA,sales-activity-expectations-sk-voice-ama,"contains materials from an enablement session titled ""Sales Activity Expectations & SK Voice AMA"" from August 21, 2025.",https://drive.google.com/file/d/17ESwc7C5fB2-qc5J4WEEfYRinv1TpMnq/view?usp=drive_link,https://drive.google.com/file/d/17ESwc7C5fB2-qc5J4WEEfYRinv1TpMnq/view?usp=drive_link,https://docs.google.com/presentation/d/1C7ls6XPBfs19yxElkhcaLUuDlKb1jP5dRLERcHeIETo/edit?usp=drive_link,https://drive.google.com/drive/folders/1E2AScNwdHcEPceLLijcPVbMV3ur4CoV9,,enablement,live-replay,gtm-training,sales|voice,enablement,published,,0,0,2025-12-28T08:08:11.988Z
Sales Attribution Guide,sales-attribution-guide,"This document is a presentation detailing a company's sales attribution model, which is used to measure how marketing and sales activities influence the pipeline.",https://docs.google.com/presentation/d/1HGD3xdJDt3RXLTLQwI8WNkv6Lj8qsR4XiLqfS3s921A/edit?usp=sharing,,,,,content,guide,guide,sales,content,published,,0,0,2025-12-28T08:20:23.496Z
Sales Force Guide,sales-force-guide,"This document, the Sales - Salesforce Guide, serves as a centralized resource for the Sales team to understand key Salesforce opportunity fields, reports, and associated definitions.",https://docs.google.com/document/d/1S-6K8kPROoVJIKYsS0qF1Sffw4K-itn5gfKvdsCOwl4/edit?tab=t.h9ag4pgmc390#heading=h.hd88vogbr7a4,,,,,content,guide,guide,insights|insights-dashboards|sales,content,published,,0,0,2025-12-28T08:20:23.496Z
Sales Implementation Template,sales-implementation-template-101,Implementation Template 101 for Sales team first customer touchpoint after new deal.,https://docs.google.com/presentation/d/1MHch8KiJuchtUqvvzda3d6H4kUPi39ixqPoUNYhIQSk/edit,,,,,content,slides,template,101|handoff|impl|implementation|kickoff|sales,content,published,,0,0,2025-12-28T09:00:03.135Z
Sales Marketing Org Chart,sales-marketing-org-chart,Sales Org Chart spreadsheet directory for Sales and Marketing organizations.,https://docs.google.com/spreadsheets/d/1Dv2ePK-KcJlB0wu-en-hpKzO6titiAvG5Uj3xnmrZIs/edit,,,,,coe,spreadsheet,dashboard,directory|marketing|mktg|org-chart|sales|team,coe,published,,0,0,2025-12-28T08:20:23.496Z
Salesforce Agent Sidekick Battle Card (External),salesforce-agentforce-battlecard,Competitor battlecard comparing Salesforce Agentforce and Gladly Sidekick.,https://drive.google.com/file/d/1T30zPp-W1jWX7vCrU5IP5ZN-6IdoyEqv/view,,,,,content,pdf,battlecard,agentforce|crm|enterprise|gladly|sales|salesforce|sidekick,content,published,,0,0,2025-12-28T09:00:03.135Z
Salesforce Demo Mockup,salesforce-demo-mockup,Demo mockup showing Sidekick integration with Salesforce Service Cloud.,https://www.figma.com/proto/JVHhluYSGETGxAxvq4TqOz/Sidekick-Standalone,,,,,content,tool,deck,demo|figma|gladly|prototype|sales|salesforce|sidekick-standalone,content,published,,0,0,2025-12-28T09:00:03.914Z
Salesforce Guide,salesforce-guide,"This document, the ""CS Salesforce Guide,"" serves as a comprehensive resource for understanding key Customer Success (CS) opportunity fields in Salesforce.",https://docs.google.com/document/d/1cYQAXEPb3wb8XxzDJMdaCzMtEvyUSb_VwJc-dMsDUJc/edit?usp=sharing,,,,,content,guide,guide,csm|customer-success|sales,content,published,,0,0,2025-12-28T08:20:23.496Z
Salesforce Service Cloud Battle Card 2024,salesforce-service-cloud-battlecard,Salesforce Service Cloud Battle Card for Gladly sales teams.,https://docs.google.com/document/d/1C959ewp303oQtG_qcsB7Wyipq8AIe5bpY-uLh2ncDFo/edit,,,,,content,document,battlecard,crm|enterprise|sales|salesforce|service-cloud,content,published,,0,0,2025-12-28T09:00:03.135Z
Self-Guided Implementation One Pager,self-guided-implementation-one-pager,One-pager for Self-Guided Gladly Implementation for teams under 10 agents.,https://drive.google.com/file/d/1w4S1IzIN7-JEjyi_7UhhWWc0LG0Bpd6s/view,,,,,content,pdf,one-pager,impl|implementation|onboarding|self-guided|smb,content,published,,0,0,2025-12-28T09:00:03.718Z
Selling High + FM Deck,selling-high-fm-deck-enablement,Sales enablement covering refreshed First Meeting Deck and Selling High strategies for executives.,https://docs.google.com/presentation/d/11LraGLfKuVWTg2IpB302i4W3XhA6rbsoW799J5HSvYY/edit,,,,,enablement,slides,product-training,discovery|executive|first-meeting|sales|sales-methodology|sc|selling-high,enablement,published,,0,0,2025-12-28T09:00:03.135Z
Sidekick Adoption Playbook,sidekick-adoption-playbook,"The purpose of this playbook is to empower Gladly’s Account Management and Customer Success teams with the insights, actions, and resources they need to drive meaningful adoption of Sidekick – acro...",https://docs.google.com/document/d/1jZSBq3GSv5iA33ZwAvv0dLGFQmKf2l4bIFVPZvr2T2g/edit?usp=drive_link,,,,,enablement,document,gtm-training,csm|customer-success|gladly|gladly-sidekick|insights|insights-dashboards,enablement,published,,0,0,2025-12-28T08:20:23.496Z
Sidekick Email Follow Up Template,sidekick-email-followup-template,Sidekick Email Follow-Up Template and Outreach Guidelines for AMs AEs and CSMs.,https://docs.google.com/document/d/1f2FfOZ2NcfxbAZKKiKU2lf0MHmqDoTSOmPywWeZ2LKw/edit,,,,,content,document,messaging,expansion|followup|gladly|outreach|sidekick-email,content,published,,0,0,2025-12-28T09:00:03.718Z
Sidekick Email Generic One Pager,sidekick-email-one-pager,Sidekick Email one-pager with follow-up template and outreach guidelines.,https://drive.google.com/file/d/1QqgQC4Guc2cbxU1gv335XLUcpNkvbHvI/view,,,,,content,pdf,one-pager,ai-agents|automation|email-channel|gladly|sidekick-email,content,published,,0,0,2025-12-28T09:00:03.718Z
Sidekick Email Video,sidekick-email-video,Video showcasing Sidekick for personal and intelligent email responses.,https://gladly.wistia.com/medias/zpzwcogrr5,,,,,content,video,deck,ai|automation|email|gladly|personalization|sidekick-email|video,content,published,,0,0,2025-12-28T09:00:03.914Z
Sidekick Expansion Playbook,sidekick-expansion-playbook,"The purpose of this playbook is to empower Gladly’s Account Management and Customer Success teams with the insights, actions, and resources they need to drive meaningful expansion of Sidekick.",https://docs.google.com/document/d/1oNpLt1B6-dwblKtxXiQiYGynLkYesCe8LjAwhoIyQps/edit?usp=drive_link,,,,,enablement,document,gtm-training,csm|customer-success|gladly|gladly-sidekick|insights|insights-dashboards,enablement,published,,0,0,2025-12-28T08:20:23.496Z
Sidekick for Zendesk,sidekick-for-zendesk,"The ""EH 6/26/25: Sidekick for Zendesk"" folder contains three files from the Enablement Hour on that date, which are focused on launching and selling the Sidekick Standalone for Zendesk offering.",https://drive.google.com/file/d/1DrCVPlu_WJK4zmTgk6IDvfTuEMeeanEw/view?usp=sharing,https://drive.google.com/file/d/1DrCVPlu_WJK4zmTgk6IDvfTuEMeeanEw/view?usp=sharing,https://docs.google.com/presentation/d/1RoihfdJF9aNpjUKeHykB14Oh-GndfYo5h8IArUHMGVw/edit?usp=drive_link,https://drive.google.com/drive/folders/1IFwYsGN6lGSNfrY_djYE9Ad8laPVAQZv,,content,live-replay,deck,gladly|gtm|uncategorized,content,published,,0,0,2025-12-28T08:08:11.988Z
Sidekick for Zendesk One Pager,sidekick-zendesk-one-pager,One-pager for Sidekick for Zendesk Customer AI replacing generic responses with resolutions.,https://drive.google.com/file/d/1T_jQJ4ERy44OTzj-i_7ZNF-QFeRIso66/view,,,,,content,pdf,one-pager,ai-agents|gladly|resolutions|sidekick-standalone|zendesk,content,published,,0,0,2025-12-28T09:00:03.718Z
Sidekick for Zendesk Play,sidekick-for-zendesk-play,"This play is designed to help you in selling Sidekick as a standalone AI product to businesses currently using Zendesk who want to elevate their CX with personalized, end-to-end automation without ...",https://docs.google.com/document/d/1wPX5JDe_2awuql2zK5aPJnYcDQ-rAqTHWTslUzvs03Y/edit?tab=t.2f7vl8kjvusu,,,,,enablement,document,gtm-training,gladly|gladly-sidekick|sales,enablement,published,,0,0,2025-12-28T08:20:23.496Z
Sidekick For Zendesk Sequence,sidekick-zendesk-sequence,Outbound sequence template for Sidekick for Zendesk prospects.,https://web.outreach.io/sequences/2171,,,,,content,document,messaging,gladly|outreach|sequence|sidekick-standalone|zendesk,content,published,,0,0,2025-12-28T09:00:03.718Z
Sidekick Lite Calculator,sidekick-lite-calculator,"This document serves as a comprehensive guide for calculating, projecting, and reporting the business value and ROI of the ""Sidekick"" product.",https://docs.google.com/spreadsheets/d/1PMTbK4qKdIdlFFezp2lT9KQQNI7XQTM0taun7ySAXFk/edit?gid=668504392#gid=668504392,,,,,enablement,tool,value-realization,bva|csm|customer-success|gladly|gladly-sidekick|insights|insights-dashboards|roi,enablement,published,,0,0,2025-12-28T08:20:23.496Z
Sidekick ROI Calculator,sidekick-roi-calculator,This top-down model looks at current and/or future value of Sidekick by quantifying the impact of assists and resolutions.,https://docs.google.com/spreadsheets/d/1PMTbK4qKdIdlFFezp2lT9KQQNI7XQTM0taun7ySAXFk/edit,,,,,enablement,tool,value-realization,csm|customer-success|gladly|gladly-sidekick|insights|insights-dashboards|sales,enablement,published,,0,0,2025-12-28T08:20:23.496Z
Sidekick Sales Command of the Message,sidekick-sales-command-message,Sidekick Sales Command of the Message Guide for revenue growth without ad spend.,https://drive.google.com/file/d/1e_fqoiDMMvxUxfXxid2DSbmZwMBomHae/view,,,,,content,pdf,messaging,command-message|gladly|methodology|revenue|sales|sidekick-sales,content,published,,0,0,2025-12-28T09:00:03.718Z
Sidekick Sales Differentiation Battle Card,sidekick-differentiation-battlecard,Differentiation Battle Card outlining competitive advantages of Gladly Sidekick offerings.,https://drive.google.com/file/d/1LbVIO3dhY61GxT2_08CQx_5tbl-Q5SmX/view,,,,,content,pdf,battlecard,differentiation|gladly|positioning|sidekick|value-prop,content,published,,0,0,2025-12-28T09:00:03.135Z
Sidekick Sales Launch Enablement,sidekick-sales-launch-enablement,"This folder contains the complete sales enablement and launch materials for ""Sidekick Sales,"" an AI-powered shopping assistant that transforms customer conversations into revenue.",https://drive.google.com/file/d/1Eh6k62DgAvcVmlaKwvg3_NlDJT7yJjU5/view?usp=drive_link,https://drive.google.com/file/d/1Eh6k62DgAvcVmlaKwvg3_NlDJT7yJjU5/view?usp=drive_link,https://docs.google.com/presentation/d/1YHtc1aZlIAj6Hi0_JMiD8_QamkvTF8L2uYVXmP9Mtp8/edit?usp=drive_link,https://drive.google.com/drive/folders/13Py0_Jo_W0hPjBmuvoSvASzoGAuY76JB,,content,live-replay,deck,gladly|sales,content,published,,0,0,2025-12-28T08:08:11.988Z
Sidekick Sales Market Analysis,sidekick-sales-market-analysis,Market research report on retail ecommerce AI product recommendation market.,https://drive.google.com/file/d/1v_igXahYX3M-1WvqIywWBDMVDud9TxBv/view,,,,,content,pdf,guide,ecommerce|gladly|market-analysis|research|retail|sales|sidekick-sales,content,published,,0,0,2025-12-28T09:00:03.914Z
Sidekick Sales Messaging Brief,sidekick-sales-messaging-brief,Sidekick Sales messaging Brief for transforming conversations into revenue.,https://drive.google.com/file/d/1U-DqVT-D9RQo9ClS1sV8_oafCkHOGidn/view,,,,,content,pdf,messaging,ecommerce|gladly|revenue|sales|sidekick-sales|value-prop,content,published,,0,0,2025-12-28T09:00:03.718Z
Sidekick Sales One Pager,sidekick-sales-one-pager,One-pager for Sidekick Sales Customer AI solution for smarter selling.,https://drive.google.com/file/d/1AHjfTM6Lw9BoRX7tcCs6IVgXWBL7UdbL/view,,,,,content,pdf,one-pager,ecommerce|gladly|ps|revenue|sales|sidekick-sales|upsell,content,published,,0,0,2025-12-28T09:00:03.718Z
Sidekick Sales One Pager Revenue,sidekick-sales-one-pager-revenue,One-pager for Sidekick Sales turning conversations into revenue across touchpoints.,https://drive.google.com/file/d/1AHjfTM6Lw9BoRX7tcCs6IVgXWBL7UdbL/view,,,,,content,pdf,one-pager,gladly|journeys|omnichannel|revenue|sales|sidekick-sales,content,published,,0,0,2025-12-28T09:00:03.718Z
Sidekick Sales Video,sidekick-sales-video,Video showing Sidekick Sales solution for retail revenue growth with customer AI.,https://gladly.wistia.com/medias/85i16s6k7a,,,,,content,video,deck,ai|ecommerce|gladly|retail|revenue|sales|sidekick-sales|video,content,published,,0,0,2025-12-28T09:00:03.914Z
Sidekick Sales Video Budgets,sidekick-sales-video-budgets,Video on Sidekick Sales addressing tight retail budgets with customer AI.,https://gladly.wistia.com/medias/85i16s6k7a,,,,,content,video,deck,budget|gladly|retail|revenue|roi|sales|sidekick-sales|video,content,published,,0,0,2025-12-28T09:00:03.914Z
Sidekick Sales Video Retail,sidekick-sales-video-retail,Video on Sidekick Sales for retail cost challenges with customer AI solution.,https://gladly.wistia.com/medias/85i16s6k7a,,,,,content,video,deck,ai|cost-savings|gladly|retail|sales|sidekick-sales|video,content,published,,0,0,2025-12-28T09:00:03.914Z
Sidekick Standalone + Sidekick Sales,sidekick-standalone-sidekick-sales,"The folder contains foundational enablement documents, including a presentation and notes, from the May 2, 2025 session on the new Sidekick for Zendesk (Standalone) and Sidekick Sales products, det...",https://drive.google.com/file/d/1_hfLbRUHGX4gC4_jVD6xGtTjvQsdOtew/view?usp=drive_link,https://drive.google.com/file/d/1_hfLbRUHGX4gC4_jVD6xGtTjvQsdOtew/view?usp=drive_link,https://docs.google.com/presentation/d/15fpA_czMaAo2ups-1qVy7W0LnrP9H42bOpWjPehTHTQ/edit?usp=drive_link,https://drive.google.com/drive/folders/1MGcyQeRUqXHwbwvN8o0pRDf2x3haT4ww,,content,live-replay,deck,gladly|sales|value-realization,content,published,,0,0,2025-12-28T08:08:11.988Z
Sidekick Standalone Land Grab,sidekick-standalone-land-grab,"The ""EH 8/28/25: Sidekick Standalone Land Grab"" folder contains a video recording, a presentation, and meeting notes from an Enablement Hour session on August 28, 2025.",https://drive.google.com/file/d/1RrYlwS5-ZAF2m9tyUWVtsMHwA9FDamJI/view?usp=drive_link,https://drive.google.com/file/d/1RrYlwS5-ZAF2m9tyUWVtsMHwA9FDamJI/view?usp=drive_link,https://docs.google.com/presentation/d/1Ctru88ANHQcZAaikZWBLoMWmEfKOhpyWX5wpwdABe7M/edit?usp=drive_link,https://drive.google.com/drive/folders/1iHvQKRgV62igGJOs78hiLFqWeJ7pQADb?usp=drive_link,,enablement,live-replay,gtm-training,gladly|gtm-strategy|sales,enablement,published,,0,0,2025-12-28T08:08:11.988Z
Sidekick Standalone Play,sidekick-standalone-play,"These documents comprise a suite of sales enablement materials, presentations, and detailed implementation blueprints for Gladly’s Sidekick AI solution, focusing on its use as a standalone product ...",https://docs.google.com/document/d/1wPX5JDe_2awuql2zK5aPJnYcDQ-rAqTHWTslUzvs03Y/edit?tab=t.2f7vl8kjvusu,,,,,enablement,document,gtm-training,gladly|gladly-sidekick|impl|implementation|sales,enablement,published,,0,0,2025-12-28T08:20:23.496Z
Sidekick Standalone Tactical Enablement,sidekick-standalone-tactical-enablement,"The ""EH: 5/9/25 Sidekick Standalone Qualification, Discovery, Objection Handling"" folder contains comprehensive enablement materials for the launch of the new Sidekick Standalone product, including...",https://drive.google.com/file/d/1D8BWJOVoSDC3ULK-gqXpouHPeN5q0AYi/view?usp=drive_link,https://drive.google.com/file/d/1D8BWJOVoSDC3ULK-gqXpouHPeN5q0AYi/view?usp=drive_link,https://docs.google.com/presentation/d/1VFuGWxVBvCQi3zoS4jXFMAP__4X8H0h7xfWibJE63pU/edit?usp=drive_link,https://drive.google.com/drive/folders/1t5F7F5nUg9aEewVTgKXoynn7IC3goro2,,content,live-replay,deck,gladly|impl|implementation|playbook|sales|solutions-consultant|value-realization,content,published,,0,0,2025-12-28T08:08:11.988Z
Sidekick Standalone Video,sidekick-standalone-video,Video on AI improving CX contrasting traditional solutions that sacrifice experience.,https://gladly.wistia.com/medias/mwar81dg26,,,,,content,video,deck,ai|cx|efficiency|gladly|personalization|sidekick-standalone|video,content,published,,0,0,2025-12-28T09:00:03.914Z
Sidekick Standalone Video CX,sidekick-standalone-video-cx,Video on AI improving customer experience beyond cost-cutting AI solutions.,https://gladly.wistia.com/medias/mwar81dg26,,,,,content,video,deck,ai|cx|efficiency|experience|gladly|sidekick-standalone|video,content,published,,0,0,2025-12-28T09:00:03.914Z
Sidekick Voice Email Template,sidekick-voice-email-template,Internal expansion process for Sidekick Voice with customer-facing slides and email templates.,https://docs.google.com/document/d/1vrzb4BL99Bdvv2T4B2v-A0APx7AC7JC4IAC0i0MlR3k/edit,,,,,content,document,messaging,email-template|expansion|gladly|sidekick-voice|top-20|voice,content,published,,0,0,2025-12-28T09:00:03.718Z
Sidekick Voice One Pager,sidekick-voice-one-pager,Product one-pager for Sidekick Voice AI-powered instant personalized voice experience.,https://drive.google.com/file/d/1wxAKviS7giWFTpBeAyQBpafinG9gjk-n/view,,,,,content,pdf,one-pager,ai-voice|gladly|ivr|personalization|sidekick-voice|voice,content,published,,0,0,2025-12-28T09:00:03.718Z
Sidekick Voice One Pager Generative,sidekick-voice-one-pager-generative,Product one-pager for Sidekick Voice leveraging generative AI for frictionless support.,https://drive.google.com/file/d/1wxAKviS7giWFTpBeAyQBpafinG9gjk-n/view,,,,,content,pdf,one-pager,generative-ai|gladly|sidekick-voice|support|voice,content,published,,0,0,2025-12-28T09:00:03.718Z
Sidekick Voice PAYG Pricing calculator,sidekick-voice-payg-pricing-calculator,"Estimate potential three-year Sidekick Voice telephony & consumption costs. Ensure you validate inputs (volume, handle time, telephony, Sidekick call duration) with SMEs, should you have questions.",https://docs.google.com/spreadsheets/d/1MYtm9riUTgLX3jNXbGFcbFuzXnPppF7zN79xEZM58UU/edit?gid=0#gid=0,,,,,enablement,tool,value-realization,csm|customer-success|gladly|gladly-sidekick|sales|voice,enablement,published,,0,0,2025-12-28T08:20:23.496Z
Sidekick Voice Positioning Pricing,sidekick-voice-positioning-pricing,Sidekick Voice positioning framework and pricing structure overview.,https://docs.google.com/document/d/1JOiR2HIDwXNUMvDK46nUV7wtX-ccRtdzgLwVTdAgiU4/edit,,,,,content,document,messaging,expansion|gladly|positioning|pricing|sidekick-voice|voice,content,published,,0,0,2025-12-28T09:00:03.718Z
Sidekick Voice PR,sidekick-voice-pr,Press release and media materials for Sidekick Voice launch.,https://finance.yahoo.com/news/gladly-launches-industrys-only-ai-150000369.html,,,,,content,article,press,ai-voice|gladly|launch|press|product-launch|sidekick-voice|voice,content,published,,0,0,2025-12-28T09:00:03.135Z
Sidekick Voice Top 20 Selling Kit,sidekick-voice-top-20-kit,Comprehensive Top 20 Selling Kit for Sidekick Voice with resources for Account Managers.,https://docs.google.com/document/d/1JOiR2HIDwXNUMvDK46nUV7wtX-ccRtdzgLwVTdAgiU4/edit,,,,,content,document,guide,account-management|expansion|gladly|selling-kit|sidekick-voice|voice,content,published,,0,0,2025-12-28T09:00:03.718Z
Sidekick Voice Video,sidekick-voice-video,Video addressing customer frustration with wait times and transfers on voice.,https://gladly.wistia.com/medias/62ev998jm3,,,,,content,video,deck,ai|gladly|sidekick-voice|support|video|voice|wait-times,content,published,,0,0,2025-12-28T09:00:03.914Z
Sidekick Voice vs The Rest,sidekick-voice-vs-rest,Video comparing Sidekick Voice customer interaction to traditional support.,https://gladly.wistia.com/medias/60zhas178n,,,,,content,video,deck,comparison|differentiation|gladly|sidekick-voice|support|video|voice,content,published,,0,0,2025-12-28T09:00:03.914Z
"Sidekick Voice:  Demo, Pitch, Value",sidekick-voice-demo-pitch-value,"This folder, titled ""EH: 4/10/25 SK for Voice Demo Pitch Value"", contains the full enablement materials for the product's new Sidekick Voice feature, including the presentation deck, detailed meeti...",https://drive.google.com/file/d/1djv7z0ixiKuXbR48Hihpg01uDUY9GY79/view?usp=drive_link,https://drive.google.com/file/d/1djv7z0ixiKuXbR48Hihpg01uDUY9GY79/view?usp=drive_link,https://docs.google.com/presentation/d/1IENpzQDL_0js-jhtgeSRJcQig5fwzEPBNNgxuZy4uy0/edit?usp=drive_link,https://drive.google.com/drive/folders/1P1Z25foeBQxtPVwlhWDbpw-euL-esQT9?usp=drive_link,,content,live-replay,deck,csm|customer-success|gladly|impl|implementation|playbook|product|solutions-consultant|technical|voice,content,published,,0,0,2025-12-28T08:08:11.988Z
Sierra Battlecard,sierra-battlecard,Sierra Battlecard positioning Gladly Sidekick against Sierra autonomous agent platform.,https://drive.google.com/file/d/10ojRCBWs5FFjHEUm9Hxg597kdGAGHgLy/view,,,,,content,pdf,battlecard,autonomous|enterprise|executive|gladly|sidekick|sierra,content,published,,0,0,2025-12-28T09:00:03.135Z
SimpleSat Partnership Enablement,simplesat-partnership-enablement,"Partnership 8/13/15: SimpleSat folder, which contains four files including a training plan, presentation, and meeting notes.",https://drive.google.com/file/d/1NHHVY_G6RJlY7mcZwB06ZM3knpZXp57r/view?usp=drive_link,https://drive.google.com/file/d/1NHHVY_G6RJlY7mcZwB06ZM3knpZXp57r/view?usp=drive_link,https://docs.google.com/presentation/d/1URp5rSKYxIoFn9XrjENO9rRpcQzPB4d9/edit?usp=drive_link&ouid=101563278745976180185&rtpof=true&sd=true,https://drive.google.com/drive/folders/1nzLYQOMUioW4tN6N9qb2KuCxKyjxp6G0,,enablement,live-replay,partner-training,csm|customer-success|partner|sales,enablement,published,,0,0,2025-12-28T08:08:11.988Z
SK for email + App Platform,sk-for-email-app-platform,"EH 6/18/25: SK for Email + App Platform, contains the notes and presentation slides from a June 18, 2025, enablement session for the sales and go-to-market teams.",https://drive.google.com/file/d/1N9ksdUwOnDseSWV-naUIxs08SIFURvYg/view?usp=sharing,https://drive.google.com/file/d/1N9ksdUwOnDseSWV-naUIxs08SIFURvYg/view?usp=sharing,https://docs.google.com/presentation/d/1FUfKSclUPZYBry9UzsrymzadxiNpF9kglqqGBg6G9NE/edit?usp=drive_link,https://drive.google.com/drive/folders/1u8rrVzUyw3uhc7Ih5U8wodF_HI7mDXu8?usp=drive_link,,content,live-replay,deck,sales|value-realization,content,published,,0,0,2025-12-28T08:08:11.988Z
SMB Sales Process Traning,smb-sales-process-traning,"This folder is a training and reference resource for the Small-to-Medium Business (SMB) team on their new, simplified sales process.",https://drive.google.com/drive/folders/1OfgqX2HaLKpcgZAI-912TToKg1HrvmkY,https://drive.google.com/drive/folders/1OfgqX2HaLKpcgZAI-912TToKg1HrvmkY,,,,enablement,live-replay,gtm-training,gtm-strategy|sales,enablement,published,,0,0,2025-12-28T08:08:11.988Z
Social Comments Messaging Brief,social-comments-messaging-brief,Messaging brief for Gladly Social Comments feature bringing Instagram into platform.,https://docs.google.com/document/d/1BcXnWp8z9HDPahEzcAK7UDg6ODTLXHME-TCK_uA_KtQ/edit,,,,,content,document,messaging,channels|feature|instagram|social-comments,content,published,,0,0,2025-12-28T09:00:03.718Z
Social Comments Video,social-comments-video,Video for agents on managing social media comments through unified interface.,https://gladly.wistia.com/medias/4xt2udvwas,,,,,content,video,guide,agents|channels|social-comments|social-media|tutorial|video,content,published,,0,0,2025-12-28T09:00:03.914Z
"Social Comments, Product Enhancement Requests, + Competitive Partner Support",social-comments-product-enhancement-requests-competitive-partner-support,"This folder contains the presentation and notes from an Enablement Hour session held on November 13, 2025, which details three key business updates.",https://drive.google.com/file/d/1wEsHQlMW3b0sClpahv2Wv0YomqCjFk7r/view?usp=drive_link,https://drive.google.com/file/d/1wEsHQlMW3b0sClpahv2Wv0YomqCjFk7r/view?usp=drive_link,https://docs.google.com/presentation/d/1hvLu8XdxbCTzraq9wmOyLD7dPuEFyBgP70RW1gG5Qwk/edit?usp=drive_link,https://drive.google.com/drive/folders/1OlOt1WdDLyFpOfX_eBkYLbGpOWkexTq0,,content,live-replay,deck,sales,content,published,,0,0,2025-12-28T08:08:11.988Z
SOW Readout Deck Template,sow-readout-deck-template,Statement of Work Readout Deck template for customer implementation project plans.,https://docs.google.com/presentation/d/12YzsXee5kkEtBO9vTFsI2SEfJrkjhd2zpVgqtNEwDT8/edit,,,,,content,slides,template,gladly|impl|implementation|kickoff|project-plan|sidekick|sow,content,published,,0,0,2025-12-28T09:00:03.135Z
Sprinklr Battlecard 2024,sprinklr-battlecard-2024,Sprinklr Battlecard with strategies and talking points for competing against Sprinklr.,https://docs.google.com/document/d/1LTHFTItCxQHYg894EE0s0ewtL0w1uYihCImJjMdW3Pg/edit,,,,,content,document,battlecard,ccaas|enterprise|social|sprinklr,content,published,,0,0,2025-12-28T09:00:03.135Z
Sprint Planning Boards,sprint-planning-boards,Asana boards for sprint planning and project management.,https://app.asana.com/0/portfolio/1209972750071019/1209982290683926,,,,,coe,document,dashboard,asana|planning|project-management|sprint,coe,published,,0,0,2025-12-28T09:00:03.718Z
Standalone Demo Script,standalone-demo-script,Gladly Platform Demo Guide and Script with two comprehensive scenarios.,https://docs.google.com/document/d/12vNcMToBUXSbvCUwiL4gnr-b5Z6x4-pUFUJ5IOxrORg/edit,,,,,content,document,messaging,customer-ai|demo|gladly|sc|script|sidekick-standalone,content,published,,0,0,2025-12-28T09:00:03.718Z
Stats for Customer AI,stats-customer-ai,Gladly 2.0 Positioning and Narrative Doc with stats and foundational messaging.,https://docs.google.com/document/d/11WASvMHVqCLqAzokS2y9YUGQdmbs5cTeqI_OrmyBApE/edit,,,,,content,document,messaging,customer-ai|gladly|narrative|positioning|sidekick|stats,content,published,,0,0,2025-12-28T09:00:03.718Z
Strategic Discovery Questions SC,strategic-discovery-questions-sc,Strategic guide with categorized discovery questions for Solutions Consultants.,https://docs.google.com/document/d/1ZFZplRWjxyZ7AUeTZz8Ky7NGsTT_JS8TeZz0_nbGFq8/edit,,,,,coe,document,dashboard,discovery|methodology|questions|sales|sales-process|sc,coe,published,,0,0,2025-12-28T09:00:03.914Z
Technical Buyer (CIO/CTO),technical-buyer-ciocto,"The folder contains materials from the ""EH 10/16/25: Technical Buyer Enablement"" session, which addresses the urgent need for the sales team to proactively engage with CIO and CTO personas at key a...",https://drive.google.com/file/d/1ZXszCroPsKZr84Nt560OikWmgpzjM1xU/view?usp=drive_link,https://drive.google.com/file/d/1ZXszCroPsKZr84Nt560OikWmgpzjM1xU/view?usp=drive_link,https://docs.google.com/presentation/d/1NXc2GmnFDOmtePM-c9G0GrSlY5Fb0VXZHWZKrOF0MuY/edit?usp=drive_link,https://drive.google.com/drive/folders/1nbfFUgTi095VsfX3AmmzmuaSYzQocC_6,,enablement,live-replay,gtm-training,sales,enablement,published,,0,0,2025-12-28T08:08:11.988Z
Ticket Submission,ticket-submission-form,Asana form for submitting RevOps tickets and operational requests.,https://form.asana.com/?k=vEFTHN5vMhk-uFvmAXLNmw&d=238013372418030,,,,,coe,document,dashboard,asana|operations|process|ps|revops|tickets,coe,published,,0,0,2025-12-28T09:00:03.135Z
Travel Hospitality FAQs,travel-hospitality-faqs,FAQ guide for Travel Hospitality and Online Marketplaces verticals.,https://docs.google.com/document/d/1Cdd_ivXFOs2k1pipyeUUgSLTdUr3CSfzxq-qGErmkBs/edit,,,,,content,document,guide,faq|hospitality|travel|vertical,content,published,,0,0,2025-12-28T09:00:03.718Z
Travel Hospitality Sequence Messaging,travel-hospitality-sequence-messaging,Travel Hospitality Sequence messaging guide with email and social templates.,https://docs.google.com/document/d/18nBbbcnX7IV4a6qHtgaqgo-2SVWB_RS_-KCPb3dmP_c/edit,,,,,content,document,messaging,hospitality|outreach|sequence|travel,content,published,,0,0,2025-12-28T09:00:03.718Z
Travel Hospitality Vertical Analysis,travel-hospitality-vertical-analysis,Travel and Hospitality Vertical Analysis with trends segments and pain points.,https://docs.google.com/document/d/1GhbYoFlbHIXS-tVdMy1_ngotx5gzxCEPl-ySJN3lA3E/edit,,,,,content,document,guide,analysis|hospitality|research|travel|vertical,content,published,,0,0,2025-12-28T09:00:03.718Z
Travel Hospitality Vertical One Pager,travel-hospitality-one-pager,Datasheet for Gladly AI-powered customer-centric service in travel and hospitality.,https://drive.google.com/file/d/1Mu1MGPsSrE8ShpCKaCNS6ISQrTox3dfi/view,,,,,content,pdf,one-pager,guest-experience|hospitality|travel|vertical,content,published,,0,0,2025-12-28T09:00:03.718Z
Unwrapped AI Partnership Enablement,unwrapped-ai-partnership-enablement,"This video is a recording of a ""Monthly Partnership Enablement"" session where Nathan Smith of Gladly introduces Ben and Ryan from Unwrap.ai, a new data analytics partner.",https://drive.google.com/file/d/1DHUypayeAeLeiXSsOIcNwvd-jFm4aQy4/view,https://drive.google.com/file/d/1DHUypayeAeLeiXSsOIcNwvd-jFm4aQy4/view,,,,enablement,live-replay,partner-training,csm|customer-success|partner,enablement,published,,0,0,2025-12-28T08:08:11.988Z
User Story Training,user-story-training,"This document, ""User Stories Overview,"" is a presentation that defines user stories as short, simple descriptions of a feature from the user's perspective, explaining their purpose is to focus on v...",https://docs.google.com/presentation/d/1fBesrTk4MD-qAhYUrRxBdwvni8hmhmGIm03hLRhUuaw/,,,,,enablement,tool,gtm-training,csm|customer-success|sales,enablement,published,,0,0,2025-12-28T08:20:23.496Z
Voice Competitive Landscape,voice-competitive-landscape,Voice AI Competitive Landscape spreadsheet categorizing Platform and AI Point Solution providers.,https://docs.google.com/spreadsheets/d/10JXfIooSo3nLNuU8p468f91uUbXqxGFh9tsONsv-ebQ/edit,,,,,content,spreadsheet,competitive,ai-voice|gladly|landscape|research|sc|sidekick-voice|voice,content,published,,0,0,2025-12-28T09:00:03.135Z
Voice Implementation Deck,voice-implementation-deck,Sidekick Voice Implementation Kickoff presentation template for customer projects.,https://docs.google.com/presentation/d/1VT38dCAXkZU1YOSZvsH-NVManTbWVDOEINKtkcyaClc/edit,,,,,content,slides,template,customer-facing|gladly|impl|implementation|kickoff|sidekick-voice|voice,content,published,,0,0,2025-12-28T09:00:03.135Z
Voice Readiness Checklist,voice-readiness-checklist,Strategy features and technical implementation process for Sidekick Voice expansion.,https://docs.google.com/document/d/1vrzb4BL99Bdvv2T4B2v-A0APx7AC7JC4IAC0i0MlR3k/edit,,,,,content,document,guide,checklist|expansion|gladly|impl|implementation|readiness|sidekick-voice|voice,content,published,,0,0,2025-12-28T09:00:03.718Z
Voice Testing Checklist,voice-testing-checklist,Sidekick on Voice testing checklist template for Voice AI IVR implementation validation.,https://docs.google.com/document/d/17EX3ZoyMaNVcajoverDs3BfH4wdBo4SD9Hw9yBOOB8A/edit,,,,,content,document,guide,gladly|impl|implementation|ivr|sidekick-voice|testing|validation|voice,content,published,,0,0,2025-12-28T09:00:03.718Z
White Glove Implementation Service + Buyout Program Play,white-glove-implementation-service-buyout-program-play,"This play tackles friction in implementation, especially for Stage 3+ enterprise deals.",https://docs.google.com/document/d/1CzOkCAs3cHxzDmLZwCVQSeKlVjuo7uftY5Yso-05DWk/edit?tab=t.2f7vl8kjvusu#heading=h.5cav0eubzkz7,,,,,enablement,document,gtm-training,gladly|gladly-sidekick|impl|implementation,enablement,published,,0,0,2025-12-28T08:20:23.496Z
White Glove Implementation Service Template,white-glove-implementation-template,Sales template for premium White Glove Implementation Service offering.,https://docs.google.com/presentation/d/1jz0QT608uwqKy4-Q_EHKmCK4LBhGU6-E5O_g91f-nHY/edit,,,,,content,slides,template,impl|implementation|objection-handling|premium|services|white-glove,content,published,,0,0,2025-12-28T09:00:03.135Z
WIRED article,wired-article,WIRED magazine article featuring Gladly's AI-powered customer experience.,https://www.wired.com/sponsored/story/gladly/,,,,,content,article,press,brand|customer-ai|enterprise|innovation|press,content,published,,0,0,2025-12-28T09:00:03.135Z
Zendesk Battlecard,zendesk-battlecard,Competitive battle card positioning Gladly against Zendesk mature CX platform.,https://drive.google.com/file/d/1wytz1MQTAFPBNJZ-za-nhpP083UudHye/view,,,,,content,pdf,battlecard,cx-platform|gladly|helpdesk|sidekick|zendesk,content,published,,0,0,2025-12-28T09:00:03.135Z
Zendesk Competitive Snapshot,zendesk-competitive-snapshot,Competitive analysis of Sidekick for Zendesk against Intercom Fin for Zendesk and Zendesk native AI.,https://docs.google.com/document/d/1JqejOWDJcdhUYJC62LwZsHJZvjI8BpukCW14-VRGv9k/edit,,,,,content,document,competitive,analysis|gladly|intercom|sidekick-standalone|zendesk,content,published,,0,0,2025-12-28T09:00:03.135Z
Zendesk Demo Mockup,zendesk-demo-mockup,Demo mockup showing Sidekick integration with Zendesk environment.,https://www.figma.com/proto/JVHhluYSGETGxAxvq4TqOz/Sidekick-Standalone,,,,,content,tool,deck,demo|figma|gladly|prototype|sidekick-standalone|zendesk,content,published,,0,0,2025-12-28T09:00:03.914Z
Zendesk Sidekick Battle Card (External),zendesk-sidekick-battlecard,Competitor battlecard comparing Zendesk AI vs Gladly Sidekick for external sharing.,https://drive.google.com/file/d/1HSkV0bx4q4KltfvBiqCAmcsIEJm7OrhR/view,,,,,content,pdf,battlecard,ai-agents|gladly|helpdesk|sidekick|zendesk,content,published,,0,0,2025-12-28T09:00:03.135Z
Zendesk Voice Battle Card,zendesk-voice-battlecard,Competitive intelligence for Zendesk Voice including monthly competitor newsletter and battlecards.,https://docs.google.com/document/d/1HslXCHVT2-X4Rvl0eRTlZ0o3ZVbyVfIscjwzwQeQ40o/edit,,,,,content,document,battlecard,ccaas|gladly|sidekick-voice|voice|zendesk,content,published,,0,0,2025-12-28T09:00:03.135Z
Zendesk vs Gladly CI Analysis 2025,zendesk-gladly-ci-analysis-2025,Competitive Intelligence Analysis comparing Zendesk and Gladly platforms features pricing and positioning.,https://docs.google.com/document/d/1ISCpT49SKsxg9OVhFepvKvF4M-IApszxnKC09GAqNh4/edit,,,,,content,document,competitive,analysis|features|positioning|pricing|zendesk,content,published,,0,0,2025-12-28T09:00:03.135Z
